{"cameraMode":{"drawMode":0,"name":"Shaded","section":"Shading Mode"},"sceneLighting":false,"audioPlay":false,"sceneViewState":{"m_AlwaysRefresh":false,"showFog":true,"showSkybox":false,"showFlares":true,"showImageEffects":true,"showParticleSystems":true,"showVisualEffectGraphs":true,"m_FxEnabled":true},"in2DMode":false,"pivot":{"x":-0.7466387748718262,"y":1.8405838012695313,"z":13.765121459960938},"rotation":{"x":-0.46452760696411135,"y":0.20169790089130402,"z":-0.10954663902521134,"w":-0.8552634716033936},"size":11.561529159545899,"orthographic":false}