{"cameraMode":{"drawMode":0,"name":"Shaded","section":"Shading Mode"},"sceneLighting":true,"audioPlay":false,"sceneViewState":{"m_AlwaysRefresh":false,"showFog":true,"showSkybox":true,"showFlares":true,"showImageEffects":true,"showParticleSystems":true,"showVisualEffectGraphs":true,"m_FxEnabled":true},"in2DMode":false,"pivot":{"x":-6.670558452606201,"y":12.307747840881348,"z":-2.0277822017669679},"rotation":{"x":0.3070482909679413,"y":0.17008952796459199,"z":-0.05585025995969772,"w":0.9346780776977539},"size":1.2247449159622193,"orthographic":false}