{"cameraMode":{"drawMode":0,"name":"Shaded","section":"Shading Mode"},"sceneLighting":true,"audioPlay":false,"sceneViewState":{"m_AlwaysRefresh":false,"showFog":true,"showSkybox":true,"showFlares":true,"showImageEffects":true,"showParticleSystems":true,"showVisualEffectGraphs":true,"m_FxEnabled":true},"in2DMode":false,"pivot":{"x":-17.047767639160158,"y":23.307716369628908,"z":-27.474824905395509},"rotation":{"x":0.1443447768688202,"y":0.023746469989418985,"z":-0.0034519401378929617,"w":0.9892123341560364},"size":1.2247449159622193,"orthographic":false}