{"cameraMode":{"drawMode":0,"name":"Shaded","section":"Shading Mode"},"sceneLighting":false,"audioPlay":false,"sceneViewState":{"m_AlwaysRefresh":false,"showFog":true,"showSkybox":false,"showFlares":true,"showImageEffects":true,"showParticleSystems":true,"showVisualEffectGraphs":true,"m_FxEnabled":true},"in2DMode":false,"pivot":{"x":-7.3762407302856449,"y":3.2763586044311525,"z":23.35225486755371},"rotation":{"x":0.4770483076572418,"y":-0.02143428847193718,"z":0.011699632741510868,"w":0.8783196806907654},"size":7.103166580200195,"orthographic":false}