{"cameraMode":{"drawMode":0,"name":"Shaded","section":"Shading Mode"},"sceneLighting":false,"audioPlay":false,"sceneViewState":{"m_AlwaysRefresh":false,"showFog":true,"showSkybox":false,"showFlares":true,"showImageEffects":true,"showParticleSystems":true,"showVisualEffectGraphs":true,"m_FxEnabled":true},"in2DMode":false,"pivot":{"x":9.276914596557618,"y":4.450969696044922,"z":29.277774810791017},"rotation":{"x":-0.35325223207473757,"y":0.007575244177132845,"z":-0.0028603500686585905,"w":-0.9354872107505798},"size":18.454809188842775,"orthographic":false}