{"cameraMode":{"drawMode":0,"name":"Shaded","section":"Shading Mode"},"sceneLighting":false,"audioPlay":false,"sceneViewState":{"m_AlwaysRefresh":false,"showFog":true,"showSkybox":true,"showFlares":true,"showImageEffects":true,"showParticleSystems":true,"showVisualEffectGraphs":true,"m_FxEnabled":true},"in2DMode":false,"pivot":{"x":1.8731991052627564,"y":12.47135066986084,"z":6.650599479675293},"rotation":{"x":0.36239996552467348,"y":-0.12630951404571534,"z":0.049673162400722507,"w":0.9218658208847046},"size":9.851217269897461,"orthographic":false}