{"cameraMode":{"drawMode":0,"name":"Shaded","section":"Shading Mode"},"sceneLighting":false,"audioPlay":false,"sceneViewState":{"m_AlwaysRefresh":false,"showFog":true,"showSkybox":true,"showFlares":true,"showImageEffects":true,"showParticleSystems":true,"showVisualEffectGraphs":true,"m_FxEnabled":true},"in2DMode":false,"pivot":{"x":0.2430220991373062,"y":6.885619163513184,"z":1.9260058403015137},"rotation":{"x":0.20920298993587495,"y":-0.0933152437210083,"z":0.020316440612077714,"w":0.9729923605918884},"size":2.578822612762451,"orthographic":false}