{"cameraMode":{"drawMode":0,"name":"Shaded","section":"Shading Mode"},"sceneLighting":false,"audioPlay":false,"sceneViewState":{"m_AlwaysRefresh":false,"showFog":true,"showSkybox":true,"showFlares":true,"showImageEffects":true,"showParticleSystems":true,"showVisualEffectGraphs":true,"m_FxEnabled":true},"in2DMode":false,"pivot":{"x":-2.6381142139434816,"y":-22.05108642578125,"z":83.78829193115235},"rotation":{"x":0.13929668068885804,"y":-0.018940992653369905,"z":0.00290543120354414,"w":0.9898660778999329},"size":52.27116012573242,"orthographic":false}