{"cameraMode":{"drawMode":0,"name":"Shaded","section":"Shading Mode"},"sceneLighting":false,"audioPlay":false,"sceneViewState":{"m_AlwaysRefresh":false,"showFog":true,"showSkybox":true,"showFlares":true,"showImageEffects":true,"showParticleSystems":true,"showVisualEffectGraphs":true,"m_FxEnabled":true},"in2DMode":false,"pivot":{"x":4.997562885284424,"y":6.380763530731201,"z":98.78778076171875},"rotation":{"x":-0.006926999893039465,"y":0.26337000727653506,"z":0.0019211528124287725,"w":0.9644691348075867},"size":11.616063117980957,"orthographic":false}