{"cameraMode":{"drawMode":0,"name":"Shaded","section":"Shading Mode"},"sceneLighting":false,"audioPlay":false,"sceneViewState":{"m_AlwaysRefresh":false,"showFog":true,"showSkybox":true,"showFlares":true,"showImageEffects":true,"showParticleSystems":true,"showVisualEffectGraphs":true,"m_FxEnabled":true},"in2DMode":false,"pivot":{"x":-0.17844216525554658,"y":-21.415889739990236,"z":28.413902282714845},"rotation":{"x":0.39833864569664,"y":-0.009318212978541851,"z":0.00408547930419445,"w":0.9169746041297913},"size":21.090970993041993,"orthographic":false}