{"cameraMode":{"drawMode":0,"name":"Shaded","section":"Shading Mode"},"sceneLighting":false,"audioPlay":false,"sceneViewState":{"m_AlwaysRefresh":false,"showFog":true,"showSkybox":true,"showFlares":true,"showImageEffects":true,"showParticleSystems":true,"showVisualEffectGraphs":true,"m_FxEnabled":true},"in2DMode":false,"pivot":{"x":-3.95786190032959,"y":4.344448566436768,"z":22.130826950073243},"rotation":{"x":0.1874069720506668,"y":-0.003352115396410227,"z":0.0007026449893601239,"w":0.9820773601531982},"size":19.20746421813965,"orthographic":false}