{"cameraMode":{"drawMode":0,"name":"Shaded","section":"Shading Mode"},"sceneLighting":false,"audioPlay":false,"sceneViewState":{"m_AlwaysRefresh":false,"showFog":true,"showSkybox":true,"showFlares":true,"showImageEffects":true,"showParticleSystems":true,"showVisualEffectGraphs":true,"m_FxEnabled":true},"in2DMode":false,"pivot":{"x":-19.169801712036134,"y":-21.062156677246095,"z":49.824501037597659},"rotation":{"x":-0.3754202127456665,"y":0.28509214520454409,"z":-0.12257783114910126,"w":-0.8731611371040344},"size":40.633583068847659,"orthographic":false}