{"cameraMode":{"drawMode":0,"name":"Shaded","section":"Shading Mode"},"sceneLighting":false,"audioPlay":false,"sceneViewState":{"m_AlwaysRefresh":false,"showFog":true,"showSkybox":true,"showFlares":true,"showImageEffects":true,"showParticleSystems":true,"showVisualEffectGraphs":true,"m_FxEnabled":true},"in2DMode":false,"pivot":{"x":1.1384786367416382,"y":7.641286849975586,"z":0.060089111328125},"rotation":{"x":0.18793483078479768,"y":0.04670462757349014,"z":-0.00890839658677578,"w":0.9808377027511597},"size":11.616063117980957,"orthographic":false}