{"cameraMode":{"drawMode":0,"name":"Shaded","section":"Shading Mode"},"sceneLighting":false,"audioPlay":false,"sceneViewState":{"m_AlwaysRefresh":false,"showFog":true,"showSkybox":true,"showFlares":true,"showImageEffects":true,"showParticleSystems":true,"showVisualEffectGraphs":true,"m_FxEnabled":true},"in2DMode":false,"pivot":{"x":-0.049712393432855609,"y":12.72187614440918,"z":-4.038776874542236},"rotation":{"x":-0.3720983564853668,"y":-0.003630267921835184,"z":0.0014457289362326265,"w":-0.9280820488929749},"size":3.39839768409729,"orthographic":false}