{"cameraMode":{"drawMode":0,"name":"Shaded","section":"Shading Mode"},"sceneLighting":false,"audioPlay":false,"sceneViewState":{"m_AlwaysRefresh":false,"showFog":true,"showSkybox":true,"showFlares":true,"showImageEffects":true,"showParticleSystems":true,"showVisualEffectGraphs":true,"m_FxEnabled":true},"in2DMode":false,"pivot":{"x":0.6411672234535217,"y":17.30414390563965,"z":6.990010738372803},"rotation":{"x":0.3444547653198242,"y":-0.11054439842700958,"z":0.040933385491371158,"w":0.9311725497245789},"size":8.582917213439942,"orthographic":false}