{"cameraMode":{"drawMode":0,"name":"Shaded","section":"Shading Mode"},"sceneLighting":false,"audioPlay":false,"sceneViewState":{"m_AlwaysRefresh":false,"showFog":true,"showSkybox":false,"showFlares":true,"showImageEffects":true,"showParticleSystems":true,"showVisualEffectGraphs":true,"m_FxEnabled":true},"in2DMode":false,"pivot":{"x":42.1783561706543,"y":9.533260345458985,"z":44.12238311767578},"rotation":{"x":-0.3412824273109436,"y":-0.011422406882047654,"z":0.0041478523053228859,"w":-0.9398767948150635},"size":43.079490661621097,"orthographic":false}