{"cameraMode":{"drawMode":0,"name":"Shaded","section":"Shading Mode"},"sceneLighting":true,"audioPlay":false,"sceneViewState":{"m_AlwaysRefresh":false,"showFog":true,"showSkybox":true,"showFlares":true,"showImageEffects":true,"showParticleSystems":true,"showVisualEffectGraphs":true,"m_FxEnabled":true},"in2DMode":false,"pivot":{"x":448.6097412109375,"y":332.8328857421875,"z":-297.1520080566406},"rotation":{"x":-0.15412762761116029,"y":-0.027150003239512445,"z":0.0006460790173150599,"w":-0.9879036545753479},"size":116.53462219238281,"orthographic":false}