{"cameraMode":{"drawMode":0,"name":"Shaded","section":"Shading Mode"},"sceneLighting":true,"audioPlay":false,"sceneViewState":{"m_AlwaysRefresh":false,"showFog":true,"showSkybox":true,"showFlares":true,"showImageEffects":true,"showParticleSystems":true,"showVisualEffectGraphs":true,"m_FxEnabled":true},"in2DMode":false,"pivot":{"x":-694.971435546875,"y":40.632911682128909,"z":-60.206512451171878},"rotation":{"x":-0.09157425910234451,"y":-0.0017805927200242878,"z":-0.0038279665168374779,"w":-0.9960803389549255},"size":20.22369956970215,"orthographic":false}