{"cameraMode":{"drawMode":0,"name":"Shaded","section":"Shading Mode"},"sceneLighting":false,"audioPlay":false,"sceneViewState":{"m_AlwaysRefresh":false,"showFog":true,"showSkybox":false,"showFlares":true,"showImageEffects":true,"showParticleSystems":true,"showVisualEffectGraphs":true,"m_FxEnabled":true},"in2DMode":false,"pivot":{"x":1.8287992477416993,"y":8.858211517333985,"z":26.26622772216797},"rotation":{"x":0.24101074039936067,"y":-0.10060913860797882,"z":0.025210008025169374,"w":0.9647648930549622},"size":30.768535614013673,"orthographic":false}